name,statement
John Frontline, 3 BIG BALLS
John Frontline, 4 Big Guys
John Frontline, 69
John Frontline, 808
John Frontline, Ahh
John Frontline, AI
John Frontline, AI Sponge
John Frontline, Aldi
John Frontline, Alien locked in
John Frontline, ALL MY FELLAS
John Frontline, Alpha
John Frontline, Amogus
John Frontline, Animal face types
John Frontline, Anita Max Wynn
John Frontline, Aslume
John Frontline, Ate
John Frontline, AUGHHHH
John Frontline, Aura
John Frontline, Aurafarm
John Frontline, Aurafarming
John Frontline, aurafarmer
John Frontline, Ayo
John Frontline, Baby Gronk
John Frontline, Backrooms
John Frontline, Baka
John Frontline, Balkan rage
John Frontline, Based
John Frontline, Batman Arkham
John Frontline, BBL Drizzy
John Frontline, Beta
John Frontline, Big back
John Frontline," Big Boy's ""BROOOO"""
John Frontline, Big Dick Randy
John Frontline, Biggest bird
John Frontline, Bill collector
John Frontline, Blud
John Frontline, Bombaclat
John Frontline, Bumbaclaat
John Frontline, Bumbaclot
John Frontline, Brainrot
John Frontline, Bro thinks he's Carti
John Frontline, Bruh
John Frontline, Bussin'
John Frontline, Before GTA VI
John Frontline, Bag it up
John Frontline, Blick
John Frontline, Can we talk about the political and economic state of the world right now?
John Frontline, Canthal tilt
John Frontline, Cap
John Frontline, CaseOh
John Frontline, Chad
John Frontline, Chalant
John Frontline," Chat, is this real?"
John Frontline, Chill Guy
John Frontline, My New Character
John Frontline, Chopped chin
John Frontline, Chungus
John Frontline, Clipfarm
John Frontline, Cocomelon
John Frontline, Cody Ko
John Frontline, Colleen Ballinger
John Frontline, Colo terorita
John Frontline, Cook
John Frontline, Cooked
John Frontline, *cracks dick in half*
John Frontline, Crashout
John Frontline, Crazy? I was crazy once. They locked me in a room. A rubber room. A rubber room with rats. And rats make me crazy.
John Frontline, Cringe
John Frontline, cupcakKe
John Frontline, Darius stimming
John Frontline, Dog
John Frontline, Deeta
John Frontline, Delulu
John Frontline, Destroy Lonely wolves
John Frontline, Diddy
John Frontline, Did you pray today?
John Frontline, DigBar
John Frontline, Dih
John Frontline, Discord mod
John Frontline, Do you have any relationship with your father?
John Frontline, Do you like my sword?
John Frontline, Double gulp cup
John Frontline, Drake's snake
John Frontline, Dr. DisRespect
John Frontline, Dream
John Frontline, Druski
John Frontline, Duke Dennis
John Frontline, Duolingo
John Frontline, Dih To Yo Crack
John Frontline, Slide That Shi In Gng ðŸ’”
John Frontline, Edging
John Frontline, Elon Musk
John Frontline, Emotional Damage
John Frontline, English or Spanish?
John Frontline," Erm, actually"
John Frontline," Erm, what the sigma?"
John Frontline, Eye of Rah
John Frontline, F
John Frontline, Fanum-tax
John Frontline, FE!N
John Frontline, Feining for more
John Frontline, Feastables
John Frontline, Fent
John Frontline, Fentanyl
John Frontline, Fine shyt
John Frontline, Fire in the hole!
John Frontline, Fortnite Battle Pass
John Frontline, Fortnite gangsta party
John Frontline, Freakbob
John Frontline, Freaky
John Frontline, Friggin packets yo
John Frontline, Friutsnacks
John Frontline, G
John Frontline, Gacha Life
John Frontline, Galaxy Gas
John Frontline, Gamblecore
John Frontline, Gay Luigi
John Frontline," Gee, it sure is boring around here"
John Frontline, Gen Alpha
John Frontline, George Droyd
John Frontline, German stare
John Frontline, Get in the car
John Frontline, GET OUT!!!
John Frontline, Give a nigga a break
John Frontline, Glazing
John Frontline, Glizzy
John Frontline, Goonicide
John Frontline, Goonercide
John Frontline, Gooning
John Frontline, Goose Creek
John Frontline, Griddy
John Frontline, Grimace Shake
John Frontline, Grindset
John Frontline, Gyatt
John Frontline, Harlem Shake
John Frontline, Hats
John Frontline, Hawk Tuah
John Frontline, Hear me out
John Frontline, Heater
John Frontline, HE HE HE HA
John Frontline, Hog Rider
John Frontline, Homander
John Frontline, Honey pack
John Frontline, Huzz
John Frontline, Hyperpop Daily
John Frontline, I am Steve
John Frontline, I bought a property in Egypt and what they do for you is they give you the property
John Frontline, Ice Spice
John Frontline, I have made a severe and continuous lapse in my judgment
John Frontline," I hope they play ""HOT TO GO!"""
John Frontline, I just lost my dawg
John Frontline," I like my cheese drippy, bruh"
John Frontline, I love lean!!!
John Frontline, Imagine if Ninja got a low taper fade
John Frontline, In the big '25
John Frontline, iPad kid
John Frontline, I remember you was conflicted
John Frontline, I see dead people
John Frontline, IShowSpeed
John Frontline, Is he stupid?
John Frontline, It's Everyday Bro
John Frontline, I've played these games before!
John Frontline, Jah eyes
John Frontline, Jake Paul
John Frontline, Jamaican smile
John Frontline, Jelqing
John Frontline, JellyBean
John Frontline, Jittleyang
John Frontline, Fuhulatoogan
John Frontline, John Pork
John Frontline, JoJo Siwa
John Frontline, Jonkler laugh
John Frontline, Josh Hutcherson
John Frontline, Just give me my money
John Frontline, Just put the fries in the bag
John Frontline, Kai Cenat
John Frontline, Kendrick Lamar
John Frontline, Kid named Finger
John Frontline, King Von demon stare
John Frontline, King Von Anti-Piracy Screen
John Frontline, KSI
John Frontline, Kumalala Savesta
John Frontline, L
John Frontline, Laid back
John Frontline, Let's go gambling!
John Frontline, Level
John Frontline, Lightskin stare
John Frontline, Ligma
John Frontline, Lil' bro
John Frontline, Linganguli Guli Guli Racha
John Frontline, Livvy Dunne
John Frontline, Lobotomy
John Frontline, Lock in
John Frontline, Logan Paul
John Frontline, Looksmaxxing
John Frontline, Loudward
John Frontline, LowTierGod
John Frontline, Lunchly
John Frontline, Mah boi
John Frontline, Mango
John Frontline, Marvel Rivals
John Frontline, Mass unfollowing
John Frontline, Match my freak
John Frontline, Meet Jah
John Frontline, Metal pipe falling
John Frontline, Mewing
John Frontline, Mid
John Frontline, Minecraft movie
John Frontline, Mogging
John Frontline, Morbin time
John Frontline, MrBeast
John Frontline, MUSTAAAARRRRDDDDDDDDDDDD
John Frontline, Nathaniel B.
John Frontline, Nettspend
John Frontline, Nettspend nuggets
John Frontline," Nice try, Diddy"
John Frontline, Nikocado Avocado
John Frontline, Ninja
John Frontline, Nitrus
John Frontline, No cap
John Frontline, No Diddy
John Frontline, No homo
John Frontline, No mames
John Frontline, Nonchalant dreadhead
John Frontline, Noradrenaline
John Frontline, Not Like Us
John Frontline, Obanma
John Frontline, OceanGate
John Frontline, The Ocky Way
John Frontline, Ohio
John Frontline, Oil up
John Frontline, Omni-Man
John Frontline, On everybody soul but mine
John Frontline," One, two, buckle my shoe"
John Frontline," Ooh, it's cold in here"
John Frontline, Open the noor
John Frontline, Opium bird
John Frontline, OsamaSon
John Frontline, OVHoe
John Frontline," Ozzy Ozzy Ozzy, Oi Oi Oi"
John Frontline, Opps
John Frontline, Packgod
John Frontline, Period
John Frontline, Phonk
John Frontline, Pibby Glitch
John Frontline, Pingas
John Frontline, Playboi Carti
John Frontline, Plugg
John Frontline, Pluh
John Frontline, Poggers
John Frontline, Pookie
John Frontline, Poopity scoop
John Frontline, Prime
John Frontline, Promethazine
John Frontline, Property in Egypt
John Frontline, Protegent
John Frontline, Pumpkin!!!
John Frontline, Pumpkin carving
John Frontline, Put the Money in the Bag
John Frontline, Quandale Dingle
John Frontline, Quirked up white boy goated with the sauce
John Frontline, Raldi's Crackhouse
John Frontline, Ranked Jerkmate
John Frontline, Ratio
John Frontline, Redditor
John Frontline," Red Light, Green Light"
John Frontline, respect button
John Frontline, Rev up those fryers
John Frontline, Rhonda
John Frontline, Rizz
John Frontline, Rizzler
John Frontline, The Rizzler
John Frontline, Road to Riches
John Frontline, Roblox
John Frontline, Rucka Rucka Ali
John Frontline, Shadow Wizard Money Gang
John Frontline, Sephora kids
John Frontline, Serving
John Frontline, Sigma
John Frontline, Skibidi Toilet
John Frontline, Skibidi
John Frontline, Slay
John Frontline, Slime
John Frontline, Smurf cat
John Frontline, Social Credit
John Frontline, Spotify Wrapped
John Frontline, Sprunki
John Frontline, Squid Game
John Frontline, Squint your eyes
John Frontline, Steamed hams
John Frontline, Still water
John Frontline, Strawberry elephant
John Frontline, Sturdy
John Frontline, Subway Sexist
John Frontline, Subway Surfers gameplay
John Frontline, Super Bowl
John Frontline, Sus
John Frontline, Talk Tuah
John Frontline," Thank you, BeyoncÃ©"
John Frontline, That feeling when knee surgery is tomorrow
John Frontline," They're eating the dogs, they're eating the cats"
John Frontline, Thick Of It
John Frontline, Those who know:
John Frontline, Throw it in a rhombus
John Frontline, Thug shaker
John Frontline, TikTok
John Frontline, TikTok comments stories
John Frontline, Toxic Gossip Train
John Frontline, Troll face
John Frontline, Ts
John Frontline, Turkish Quandale Dingle
John Frontline, Two steps ahead
John Frontline, Ugly Sonic
John Frontline, Unc
John Frontline, Unhinged
John Frontline, UwU
John Frontline," Very demure, very mindful"
John Frontline, Vexbolts
John Frontline, Vine boom
John Frontline, Vro
John Frontline, W
John Frontline, Waltuh
John Frontline, Wultuh
John Frontline, Want a break from the ads?
John Frontline, We listen and we don't judge
John Frontline, What's that? What's a father?
John Frontline, WHO??
John Frontline, Who wants to go to the Four Seasons Orlando?
John Frontline, Whole lotta turbulence
John Frontline, Whopper Whopper
John Frontline, Why so serious?
John Frontline, Winter arc
John Frontline, Womp womp
John Frontline, What is the next step of the operation?
John Frontline, Xbox Live!!!
John Frontline, xQc
John Frontline, Yapanese
John Frontline, Yapping
John Frontline, YB better
John Frontline, YN's
John Frontline, Yo Mama
John Frontline, YourRAGE
John Frontline, You ain't nothin' but a broke boy
John Frontline, You broke my toy!
John Frontline, You're banned
John Frontline, Your phone linging
John Frontline, You should kill yourself NOW!!
John Frontline, YouTube Shorts
John Frontline, YouTube Poop
John Frontline, Yummers
John Frontline, Yuno Miles
John Frontline, Zesty
